Model,Accuracy,Precision,Recall,F1-score
Logistic Regression,0.84375,0.7333333333333333,0.6470588235294118,0.6875
SVM,0.875,0.9090909090909091,0.5882352941176471,0.7142857142857143
